Name,Country,Founded,Website,EmployeeCount
Davis and Sons,Venezuela, RB,2007-09-16,gmail.com,890
Clark LLC,Saudi Arabia,2006-09-16,webmail.com,113
Robinson Group,Iceland,2005-09-16,webmail.com,358
Davies and Sons,Malaysia,1980-09-16,example.com,773
Williams LLC,Ecuador,2023-09-16,example.com,323
Anthony Inc,Gambia, The,2022-09-16,privacy.net,981
Jackson LLC,Jordan,2012-09-16,privacy.net,757
Martin LLC,Monaco,2020-09-16,gmail.com,422
Jones LLC,Mauritius,2015-09-16,gmail.com,174
Robinson Group,Ghana,1989-09-16,yahoo.com,393
Abel LLC,Syrian Arab Republic,1980-09-16,privacy.net,152
Wilson LLC,Seychelles,1985-09-16,example.com,795
Thomas LLC,India,1997-09-16,example.com,614
Hall LLC,Niger,1991-09-16,hotmail.com,785
Clarkson Group,Zimbabwe,1987-09-16,hotmail.com,962
Yorke Inc,Syrian Arab Republic,1997-09-16,webmail.com,389
Kirk Inc,West Bank and Gaza,1981-09-16,webmail.com,68
Smith LLC,Syrian Arab Republic,1990-09-16,gmail.com,46
Davis LLC,Jordan,1978-09-16,example.com,826
Harrison LLC,Nigeria,2008-09-16,webmail.com,534
Taylor LLC,Tunisia,1993-09-16,msn.com,952
Smith and Sons,Netherlands Antilles,1996-09-16,msn.com,734
Harris Inc,Togo,1987-09-16,yahoo.com,104
Taylor Inc,Brunei Darussalam,2001-09-16,privacy.net,249
Lee Group,Ethiopia,1991-09-16,privacy.net,950
Robinson Inc,Virgin Islands (U.S.),1992-09-16,gmail.com,460
Rodriguez Inc,Peru,1981-09-16,yahoo.com,115
Kirby and Sons,Lithuania,1977-09-16,privacy.net,554
Anderson LLC,Kuwait,2021-09-16,example.com,822
Hall and Sons,Turkey,1981-09-16,hotmail.com,172
Brown LLC,Brazil,1989-09-16,msn.com,550
Martin LLC,Senegal,1982-09-16,gmail.com,908
Jefferson and Sons,Iran, Islamic Rep.,2021-09-16,yahoo.com,554
Abel Inc,Switzerland,2015-09-16,privacy.net,728
Baker and Sons,Kiribati,2017-09-16,hotmail.com,385
White and Sons,Japan,2005-09-16,privacy.net,390
Yorke and Sons,Madagascar,1993-09-16,webmail.com,689
Brown Inc,Nicaragua,1983-09-16,msn.com,166
Smith and Sons,Korea, Rep.,2018-09-16,yahoo.com,398
Smith LLC,Finland,1975-09-16,hotmail.com,342
Major Group,Aruba,1984-09-16,privacy.net,825
Stevens Inc,Singapore,1985-09-16,example.com,951
Martinez and Sons,Finland,2014-09-16,hotmail.com,913
Davidson LLC,Kiribati,2004-09-16,yahoo.com,560
Wilson and Sons,Belgium,2023-09-16,hotmail.com,650
Miller and Sons,Tonga,1977-09-16,gmail.com,415
Oates Group,Somalia,1998-09-16,privacy.net,154
Smith Group,Jordan,1985-09-16,privacy.net,567
Taylor Inc,Ireland,2022-09-16,gmail.com,184
Jeffries and Sons,Bosnia and Herzegovina,2001-09-16,webmail.com,88
Clark Inc,China,1984-09-16,yahoo.com,389
Miller and Sons,Lao PDR,2018-09-16,example.com,150
Taylor LLC,Sudan,2007-09-16,hotmail.com,526
Smith Inc,Colombia,2016-09-16,webmail.com,915
Wilson and Sons,Djibouti,2016-09-16,example.com,592
Burrows Inc,France,1988-09-16,gmail.com,934
Jones Group,Gambia, The,1986-09-16,msn.com,370
Harris Inc,Qatar,1985-09-16,privacy.net,421
Johnson Inc,Montenegro,2012-09-16,example.com,667
Hall Inc,Guinea-Bissau,1978-09-16,gmail.com,647
Abel LLC,St. Kitts and Nevis,1992-09-16,hotmail.com,891
Jeffries Group,Aruba,2008-09-16,example.com,389
Clarke Group,Russian Federation,1986-09-16,yahoo.com,271
Miller Group,Fiji,1983-09-16,yahoo.com,714
Oates Inc,Bolivia,1975-09-16,msn.com,983
Abel LLC,Bolivia,1995-09-16,gmail.com,849
Anthony and Sons,Myanmar,2009-09-16,gmail.com,871
Jefferson and Sons,Kiribati,1986-09-16,yahoo.com,548
Jeffries Inc,Fiji,2018-09-16,privacy.net,350
Robertson and Sons,Sierra Leone,2018-09-16,gmail.com,722
Peterson Group,Portugal,1990-09-16,example.com,627
Wilson Group,Guam,2013-09-16,gmail.com,9
Williams and Sons,Hungary,2018-09-16,yahoo.com,126
Peterson LLC,New Zealand,2012-09-16,example.com,133
Oates and Sons,São Tomé and Principe,1980-09-16,yahoo.com,32
Robinson Inc,Northern Mariana Islands,2016-09-16,webmail.com,929
Robinson Inc,Peru,1993-09-16,yahoo.com,972
Robertson and Sons,Vietnam,2018-09-16,example.com,463
Rodriguez Inc,St. Kitts and Nevis,1995-09-16,example.com,721
Brown Group,Northern Mariana Islands,2015-09-16,msn.com,714
Peterson Group,Indonesia,1988-09-16,gmail.com,611
Clarkson Group,Haiti,1975-09-16,gmail.com,2
Abel Inc,Syrian Arab Republic,1983-09-16,gmail.com,923
Miller Group,Iraq,2012-09-16,yahoo.com,141
Johnson Group,Bangladesh,2011-09-16,hotmail.com,177
Thompson and Sons,Slovak Republic,2004-09-16,webmail.com,192
Walker and Sons,Canada,2020-09-16,webmail.com,603
Harris and Sons,Finland,2019-09-16,privacy.net,770
Stevens LLC,Libya,1976-09-16,hotmail.com,337
Martinez and Sons,Denmark,1997-09-16,hotmail.com,530
Oates Group,Serbia,1991-09-16,webmail.com,472
Hall Group,South Africa,1978-09-16,msn.com,386
Lee LLC,Haiti,2014-09-16,msn.com,912
Clarke Inc,Micronesia, Fed. Sts.,1976-09-16,privacy.net,820
Davies LLC,France,1994-09-16,example.com,709
Walker Inc,Luxembourg,2020-09-16,webmail.com,476
Abel LLC,Puerto Rico,2004-09-16,example.com,392
Harris and Sons,Ireland,2014-09-16,msn.com,557
Anthony Inc,Malta,2019-09-16,webmail.com,100
Anderson Group,Hungary,1978-09-16,privacy.net,51
Rodriguez LLC,Sudan,2013-09-16,yahoo.com,118
Rodriguez and Sons,Puerto Rico,2012-09-16,privacy.net,23
Williams LLC,Sri Lanka,1984-09-16,example.com,932
Williams and Sons,Montenegro,2014-09-16,msn.com,248
Stevens Group,Peru,2007-09-16,yahoo.com,182
Stevens Group,Estonia,2005-09-16,msn.com,199
Thomas and Sons,Paraguay,2010-09-16,webmail.com,542
Robertson Inc,Sudan,1987-09-16,webmail.com,663
Davies Group,Jordan,1989-09-16,example.com,872
Lewis LLC,Belize,2013-09-16,webmail.com,825
Thomas Group,Jamaica,2009-09-16,gmail.com,961
Anderson Inc,Fiji,2009-09-16,yahoo.com,244
Jones Inc,Honduras,1977-09-16,msn.com,462
Jefferson Group,Uzbekistan,2017-09-16,gmail.com,486
Clark and Sons,Grenada,2011-09-16,webmail.com,486
Abel LLC,Sudan,1977-09-16,privacy.net,387
Robinson LLC,St. Vincent and the Grenadines,1989-09-16,webmail.com,388
Davis Group,Grenada,1980-09-16,yahoo.com,955
Burrows Inc,Portugal,2011-09-16,privacy.net,56
Thompson Group,Solomon Islands,1982-09-16,hotmail.com,53
Edwards Group,Myanmar,1994-09-16,yahoo.com,953
Edwards Group,Guatemala,1993-09-16,msn.com,319
Walker Group,Montenegro,1992-09-16,gmail.com,513
Martin Group,Bulgaria,1993-09-16,gmail.com,209
Burrows LLC,Sierra Leone,1988-09-16,yahoo.com,627
Anderson LLC,Lebanon,2001-09-16,msn.com,743
Davis Inc,United Kingdom,2003-09-16,msn.com,944
Jones and Sons,Israel,2016-09-16,example.com,444
Garcia Group,Belize,2013-09-16,example.com,749
Peters and Sons,Tanzania,1992-09-16,yahoo.com,389
Grant LLC,Bahrain,1992-09-16,example.com,408
Martinez and Sons,Canada,1984-09-16,webmail.com,853
Washington Inc,Congo, Rep.,1984-09-16,msn.com,350
Rodriguez LLC,Cuba,2012-09-16,msn.com,222
Wilson Group,Burundi,2004-09-16,webmail.com,214
Moore Group,Belarus,1976-09-16,webmail.com,58
Davies LLC,Niger,1990-09-16,example.com,797
Anderson LLC,Denmark,1987-09-16,hotmail.com,905
Robertson Inc,Liberia,2017-09-16,gmail.com,101
Wilson and Sons,Monaco,2003-09-16,gmail.com,523
Garcia LLC,Tanzania,1991-09-16,gmail.com,196
Anthony LLC,Madagascar,1986-09-16,msn.com,608
Clarke Group,Philippines,2009-09-16,gmail.com,10
Thomas Group,Marshall Islands,2018-09-16,hotmail.com,481
Taylor and Sons,Ukraine,1985-09-16,gmail.com,317
Anderson Inc,Central African Republic,1979-09-16,privacy.net,297
Smith Group,Guyana,2014-09-16,gmail.com,965
Wilson Inc,Poland,1988-09-16,privacy.net,637
Thatcher and Sons,Norway,1994-09-16,webmail.com,473
Robinson LLC,Lebanon,1980-09-16,webmail.com,153
Taylor and Sons,St. Kitts and Nevis,1995-09-16,example.com,535
Walker and Sons,Malawi,2017-09-16,hotmail.com,937
Robertson Group,Rwanda,2020-09-16,yahoo.com,437
Walker Inc,Estonia,1990-09-16,privacy.net,645
Martinez Inc,Colombia,1993-09-16,webmail.com,36
Davis Group,Solomon Islands,2018-09-16,msn.com,462
Jefferson LLC,Costa Rica,1982-09-16,example.com,633
Lewis and Sons,Aruba,2002-09-16,example.com,566
Jackson Inc,Belgium,2011-09-16,yahoo.com,176
Grant and Sons,Czech Republic,1998-09-16,msn.com,111
Washington and Sons,Aruba,1991-09-16,hotmail.com,769
Walker Group,Bahamas, The,1988-09-16,webmail.com,375
Davis LLC,Eritrea,1997-09-16,gmail.com,693
Abel LLC,Tajikistan,1992-09-16,hotmail.com,350
Williams Inc,Honduras,1987-09-16,hotmail.com,523
Thatcher LLC,Liechtenstein,1989-09-16,hotmail.com,809
Jefferson LLC,Netherlands Antilles,2000-09-16,gmail.com,126
Clark Inc,Cape Verde,1987-09-16,gmail.com,847
Clark Group,Mayotte,2001-09-16,webmail.com,692
Jefferson and Sons,Montenegro,1996-09-16,msn.com,14
Thompson Group,Niger,2006-09-16,hotmail.com,819
Harrison Inc,American Samoa,1979-09-16,hotmail.com,393
Hall Inc,Angola,1984-09-16,msn.com,792
Moore LLC,Libya,2013-09-16,hotmail.com,38
Rodriguez and Sons,Philippines,1981-09-16,msn.com,987
Anderson Inc,France,1996-09-16,webmail.com,336
Anthony LLC,Georgia,2021-09-16,msn.com,384
Hall LLC,Jordan,2003-09-16,example.com,904
Hall Group,Spain,1985-09-16,webmail.com,782
Dent and Sons,Ethiopia,1997-09-16,hotmail.com,256
Martinez Group,Bermuda,1976-09-16,yahoo.com,565
Kirk and Sons,Romania,1982-09-16,hotmail.com,755
Davies Inc,Russian Federation,2020-09-16,hotmail.com,974
Clark Group,Cameroon,2020-09-16,example.com,1
Burrows Inc,Somalia,1995-09-16,msn.com,271
Clark LLC,Madagascar,1999-09-16,hotmail.com,90
Davidson and Sons,Portugal,2007-09-16,privacy.net,364
Anthony and Sons,Eritrea,2007-09-16,hotmail.com,449
Davis LLC,Guinea,2000-09-16,msn.com,326
Kirby Group,Channel Islands,2021-09-16,msn.com,396
Martinez Group,Bolivia,2016-09-16,yahoo.com,783
Jones and Sons,Malta,2019-09-16,msn.com,731
Martin Inc,Nigeria,1981-09-16,gmail.com,749
Thatcher and Sons,Denmark,1996-09-16,webmail.com,10
Dent and Sons,Bermuda,2007-09-16,msn.com,432
Dent Inc,United Kingdom,1986-09-16,webmail.com,742
Davies Inc,Hungary,1993-09-16,privacy.net,907
Burrows LLC,Costa Rica,2017-09-16,example.com,513
Harrison Group,Spain,2019-09-16,msn.com,381
Edwards Group,Eritrea,1994-09-16,privacy.net,329
Clarkson LLC,Kiribati,1990-09-16,example.com,198
Thatcher Inc,New Zealand,2004-09-16,gmail.com,31
Walker Group,Guatemala,1991-09-16,yahoo.com,849
Kirby LLC,Rwanda,2023-09-16,yahoo.com,687
Lake and Sons,Morocco,1983-09-16,yahoo.com,294
Thatcher and Sons,South Africa,2009-09-16,webmail.com,916
Thomas Group,Serbia,1996-09-16,example.com,550
Smythe Group,Saudi Arabia,1977-09-16,hotmail.com,585
Wilson Inc,Kazakhstan,1978-09-16,webmail.com,249
Baker LLC,Georgia,1993-09-16,yahoo.com,664
Kirby and Sons,Libya,2021-09-16,yahoo.com,217
Smythe Group,Singapore,1985-09-16,webmail.com,989
Miller Inc,Djibouti,1984-09-16,msn.com,747
Brown Group,Timor-Leste,2001-09-16,privacy.net,360
Clarke Group,Ireland,1977-09-16,example.com,440
Peters Inc,Sri Lanka,1988-09-16,msn.com,780
Garcia Group,Mozambique,1978-09-16,webmail.com,320
Wilson Inc,Netherlands,1977-09-16,gmail.com,414
Miller Inc,Côte d'Ivoire,2021-09-16,example.com,221
Williams LLC,Turkmenistan,1976-09-16,privacy.net,847
Johnson Inc,Armenia,1977-09-16,webmail.com,141
Baker Inc,Nigeria,2001-09-16,gmail.com,108
Kirk Group,Marshall Islands,2001-09-16,hotmail.com,832
Lewis LLC,Ghana,1995-09-16,webmail.com,834
Martin and Sons,Ukraine,1987-09-16,example.com,482
Smith Inc,Congo, Rep.,1991-09-16,webmail.com,750
Moore Group,Costa Rica,1992-09-16,privacy.net,975
Davies Group,El Salvador,2010-09-16,hotmail.com,800
Kirk Group,Netherlands Antilles,1989-09-16,privacy.net,129
Thompson LLC,France,1988-09-16,example.com,336
Robertson and Sons,Gambia, The,2011-09-16,msn.com,134
Kirk Inc,Micronesia, Fed. Sts.,2019-09-16,hotmail.com,286
Thomas Group,Namibia,2003-09-16,privacy.net,324
Dent LLC,Central African Republic,1989-09-16,privacy.net,247
Martinez Group,New Caledonia,2013-09-16,hotmail.com,784
Clarke Group,Armenia,1981-09-16,privacy.net,3
Hall and Sons,Kenya,1984-09-16,yahoo.com,92
Kirby LLC,Côte d'Ivoire,2009-09-16,yahoo.com,436
Martinez LLC,Guatemala,1977-09-16,yahoo.com,115
Burrows Group,Brunei Darussalam,1991-09-16,webmail.com,872
Smythe Inc,Suriname,2012-09-16,hotmail.com,883
White and Sons,Cuba,2023-09-16,msn.com,733
Clarkson Group,Côte d'Ivoire,2023-09-16,privacy.net,600
Martin Inc,New Caledonia,2021-09-16,hotmail.com,158
Taylor Group,Barbados,2010-09-16,example.com,155
Martin Group,Côte d'Ivoire,2004-09-16,privacy.net,447
Kirby Inc,Malta,1988-09-16,hotmail.com,472
Grant and Sons,French Polynesia,2007-09-16,yahoo.com,948
Washington Group,Greece,2001-09-16,privacy.net,46
Thomas and Sons,Kazakhstan,1990-09-16,hotmail.com,488
Robertson Group,Ireland,1980-09-16,yahoo.com,577
Davies Inc,Vietnam,2001-09-16,yahoo.com,49
Davidson Inc,Syrian Arab Republic,1989-09-16,hotmail.com,118
Dent and Sons,Guatemala,2013-09-16,yahoo.com,955
Grant and Sons,Togo,1996-09-16,webmail.com,582
Clarke LLC,Gambia, The,1983-09-16,webmail.com,711
Jeffries and Sons,Puerto Rico,1990-09-16,privacy.net,287
Williams Inc,New Caledonia,2019-09-16,example.com,135
Miller LLC,Hungary,1999-09-16,webmail.com,133
Abel Group,Kuwait,2007-09-16,webmail.com,702
Hall LLC,Albania,1986-09-16,hotmail.com,661
Edwards Group,Congo, Dem. Rep.,2022-09-16,yahoo.com,331
Miller and Sons,Saudi Arabia,1977-09-16,msn.com,771
Walker and Sons,Paraguay,2023-09-16,msn.com,307
White and Sons,Rwanda,1985-09-16,privacy.net,801
Edwards Inc,Congo, Dem. Rep.,1977-09-16,yahoo.com,967
Major LLC,Norway,2023-09-16,yahoo.com,45
Jefferson Group,Marshall Islands,2023-09-16,msn.com,999
Miller Group,Kiribati,1982-09-16,webmail.com,936
White and Sons,Sudan,2013-09-16,yahoo.com,201
Williams LLC,Russian Federation,1992-09-16,yahoo.com,445
Moore LLC,Isle of Man,1989-09-16,msn.com,25
Edwards LLC,Brunei Darussalam,2021-09-16,gmail.com,141
Garcia LLC,Panama,1999-09-16,yahoo.com,475
Moore LLC,Kuwait,2017-09-16,webmail.com,274
Jeffries Group,Argentina,2006-09-16,hotmail.com,799
Kirk Inc,Namibia,2012-09-16,hotmail.com,510
White Group,Mexico,2008-09-16,yahoo.com,291
Jackson Inc,Mayotte,2007-09-16,gmail.com,795
Hall and Sons,Iran, Islamic Rep.,2020-09-16,yahoo.com,36
Kirby Group,Suriname,2004-09-16,gmail.com,504
Robinson LLC,Japan,2006-09-16,privacy.net,394
Harris and Sons,Netherlands,1985-09-16,msn.com,231
Brown Inc,Mongolia,2012-09-16,example.com,135
Hall LLC,Israel,1987-09-16,yahoo.com,276
Anthony Group,Bahamas, The,1994-09-16,gmail.com,832
Smith and Sons,Spain,2012-09-16,privacy.net,473
Anderson Inc,Lesotho,2008-09-16,yahoo.com,469
Moore LLC,Slovenia,2000-09-16,webmail.com,909
Martinez and Sons,Palau,2006-09-16,hotmail.com,749
Davis and Sons,Costa Rica,1985-09-16,msn.com,881
Andrews Group,Puerto Rico,1981-09-16,yahoo.com,960
Clark and Sons,Philippines,2009-09-16,hotmail.com,120
Thatcher and Sons,Mexico,1985-09-16,msn.com,711
Anthony Group,Turkmenistan,2008-09-16,yahoo.com,479
Kirby LLC,Greenland,2003-09-16,example.com,74
Davis Group,Latvia,1998-09-16,hotmail.com,882
Jefferson Group,Rwanda,2005-09-16,yahoo.com,129
Taylor and Sons,Monaco,1999-09-16,webmail.com,683
Lake and Sons,Botswana,1994-09-16,yahoo.com,327
Johnson Group,Papua New Guinea,1981-09-16,msn.com,141
Clarke LLC,Poland,1985-09-16,msn.com,861
Robinson and Sons,Peru,2013-09-16,hotmail.com,818
Smythe Group,Nigeria,2013-09-16,example.com,388
Edwards LLC,Mayotte,2002-09-16,privacy.net,819
Walker and Sons,Luxembourg,2020-09-16,msn.com,773
Oates Group,Slovak Republic,2022-09-16,gmail.com,591
Burrows Inc,Kiribati,2021-09-16,hotmail.com,813
Clarke Group,United Arab Emirates,2000-09-16,hotmail.com,514
Anthony Inc,Estonia,2012-09-16,msn.com,576
Jefferson LLC,Bhutan,1982-09-16,example.com,39
Stevens Group,Sweden,1986-09-16,example.com,754
Thompson Group,Brazil,2023-09-16,privacy.net,126
Jackson LLC,Korea, Rep.,1979-09-16,example.com,103
Burrows LLC,Fiji,1980-09-16,example.com,612
Oates Inc,United States,2009-09-16,privacy.net,914
Anderson LLC,Bahrain,1990-09-16,example.com,643
Martinez LLC,Cambodia,1981-09-16,privacy.net,985
Robertson LLC,Libya,1989-09-16,gmail.com,440
Dent and Sons,Botswana,2005-09-16,privacy.net,591
Martinez and Sons,Cyprus,2017-09-16,msn.com,471
White Group,Solomon Islands,1990-09-16,example.com,584
Garcia and Sons,Russian Federation,2020-09-16,privacy.net,975
Walker Inc,Saudi Arabia,2001-09-16,privacy.net,418
White Group,Haiti,2019-09-16,example.com,39
Martinez and Sons,Cape Verde,2022-09-16,example.com,561
Jones and Sons,Montenegro,1998-09-16,yahoo.com,654
Baker Inc,Jamaica,1976-09-16,msn.com,652
Garcia Inc,Belarus,1992-09-16,gmail.com,77
Thatcher Group,Singapore,2009-09-16,gmail.com,637
Davies LLC,Kyrgyz Republic,1986-09-16,webmail.com,401
Major Inc,Bahrain,2014-09-16,privacy.net,913
Grant LLC,New Zealand,1981-09-16,privacy.net,897
Moore and Sons,Andorra,2012-09-16,gmail.com,500
Abel LLC,Malaysia,2023-09-16,privacy.net,963
Grant and Sons,India,2011-09-16,webmail.com,287
Burrows Group,Sierra Leone,1992-09-16,yahoo.com,176
Walker Group,United Kingdom,1983-09-16,example.com,319
Edwards and Sons,Egypt, Arab Rep.,1981-09-16,webmail.com,739
Andrews and Sons,Libya,1983-09-16,hotmail.com,347
Davies and Sons,Algeria,1995-09-16,webmail.com,637
Wilson and Sons,Sri Lanka,2012-09-16,gmail.com,565
Davidson Inc,Latvia,1990-09-16,hotmail.com,455
Walker Inc,Burkina Faso,1975-09-16,gmail.com,144
Davies LLC,Armenia,2009-09-16,example.com,163
Davies Inc,Mongolia,2016-09-16,hotmail.com,820
Hall and Sons,Peru,1976-09-16,privacy.net,756
Major LLC,Kuwait,2011-09-16,gmail.com,749
Kirk Inc,Mayotte,1982-09-16,yahoo.com,734
Yorke LLC,Luxembourg,1989-09-16,privacy.net,846
Stevens and Sons,Lebanon,2009-09-16,example.com,701
Lewis Inc,Mauritius,1994-09-16,webmail.com,893
Grant Group,Congo, Dem. Rep.,1997-09-16,gmail.com,115
Peterson Inc,Saudi Arabia,1987-09-16,webmail.com,168
Baker Group,Slovak Republic,2018-09-16,gmail.com,894
Johnson Inc,Bahamas, The,1988-09-16,privacy.net,993
Lake Inc,Bahamas, The,1983-09-16,msn.com,343
Miller Group,Vanuatu,2006-09-16,webmail.com,414
Andrews Group,South Africa,2009-09-16,gmail.com,641
Robinson Inc,Serbia,2017-09-16,gmail.com,412
Oates LLC,New Zealand,2003-09-16,yahoo.com,577
Jefferson LLC,Benin,1989-09-16,hotmail.com,311
Abel LLC,Burkina Faso,1988-09-16,msn.com,925
Baker LLC,Russian Federation,1993-09-16,example.com,876
Abel Inc,Uganda,2015-09-16,example.com,599
Garcia LLC,Thailand,2006-09-16,webmail.com,321
Garcia Inc,Madagascar,1988-09-16,privacy.net,817
Smythe Group,Seychelles,1975-09-16,privacy.net,59
Moore Group,São Tomé and Principe,2019-09-16,gmail.com,619
Kirk Inc,Brazil,1979-09-16,example.com,720
Martin Inc,Korea, Rep.,1978-09-16,yahoo.com,151
Taylor Inc,Andorra,2020-09-16,yahoo.com,487
Davis and Sons,Benin,2001-09-16,example.com,45
Martin Group,New Caledonia,2006-09-16,msn.com,721
Jones Inc,Spain,2015-09-16,msn.com,872
Jones Group,Croatia,2002-09-16,hotmail.com,241
Lewis Inc,Togo,1975-09-16,example.com,537
Wilson Inc,Andorra,2006-09-16,yahoo.com,484
Dent LLC,Mayotte,2002-09-16,example.com,755
Robinson LLC,Georgia,1991-09-16,example.com,953
Taylor LLC,Monaco,1980-09-16,privacy.net,247
Johnson Inc,Latvia,1988-09-16,example.com,43
Anthony Group,Uzbekistan,2006-09-16,msn.com,248
Davies and Sons,Liechtenstein,1979-09-16,example.com,175
Anderson LLC,Virgin Islands (U.S.),1998-09-16,privacy.net,432
Brown Group,Ireland,2023-09-16,example.com,710
Martinez Inc,Cayman Islands,2017-09-16,hotmail.com,73
Stevens Inc,Virgin Islands (U.S.),2017-09-16,example.com,752
Moore Inc,Thailand,2017-09-16,example.com,84
Grant and Sons,Bermuda,2007-09-16,gmail.com,949
Major LLC,Bosnia and Herzegovina,1986-09-16,msn.com,935
Harrison Group,West Bank and Gaza,1981-09-16,webmail.com,347
Jefferson LLC,Guam,2005-09-16,example.com,13
Davis and Sons,Costa Rica,2012-09-16,webmail.com,785
Davies Group,Maldives,2008-09-16,gmail.com,995
Major LLC,Cameroon,2001-09-16,gmail.com,472
Taylor Inc,Ghana,1993-09-16,hotmail.com,734
Jeffries Group,Cuba,1983-09-16,example.com,557
Clarkson Group,Palau,2016-09-16,privacy.net,332
Oates Inc,Madagascar,2006-09-16,gmail.com,766
Harrison and Sons,Slovenia,2005-09-16,privacy.net,280
Thatcher LLC,Central African Republic,2023-09-16,example.com,399
Hall Inc,Swaziland,1975-09-16,privacy.net,232
Thatcher Group,Chad,1989-09-16,yahoo.com,924
Lewis Inc,Sweden,1980-09-16,example.com,785
Jeffries Group,French Polynesia,1986-09-16,yahoo.com,990
Thomas Group,Faeroe Islands,2010-09-16,webmail.com,45
Wilson LLC,Angola,1992-09-16,hotmail.com,548
Harris Inc,Zambia,1981-09-16,msn.com,14
White Group,Finland,1986-09-16,msn.com,433
Grant LLC,Guinea-Bissau,2014-09-16,webmail.com,512
Robertson LLC,Cayman Islands,2009-09-16,gmail.com,299
Taylor and Sons,Mauritania,2007-09-16,hotmail.com,55
Jackson and Sons,Bangladesh,1977-09-16,hotmail.com,63
Yorke and Sons,Chile,1978-09-16,gmail.com,792
Taylor and Sons,Guinea-Bissau,2000-09-16,yahoo.com,549
Taylor and Sons,Equatorial Guinea,1977-09-16,example.com,793
Abel Group,Cuba,2000-09-16,webmail.com,285
Baker LLC,American Samoa,1992-09-16,webmail.com,52
Lewis LLC,Czech Republic,2010-09-16,hotmail.com,662
Walker Inc,United Arab Emirates,1994-09-16,hotmail.com,322
Lewis LLC,Slovenia,1979-09-16,webmail.com,20
Lee Group,Tajikistan,2007-09-16,hotmail.com,228
Williams LLC,New Zealand,2003-09-16,example.com,559
Brown LLC,Marshall Islands,1989-09-16,gmail.com,431
Garcia LLC,Greenland,2005-09-16,privacy.net,495
Abel LLC,French Polynesia,2002-09-16,msn.com,175
Jeffries Inc,Puerto Rico,1975-09-16,hotmail.com,577
Yorke Inc,Liberia,2016-09-16,hotmail.com,434
Stevens and Sons,Netherlands,1979-09-16,gmail.com,894
White Inc,Palau,1987-09-16,msn.com,621
Jefferson LLC,Malaysia,1988-09-16,example.com,750
Johnson Inc,Libya,1981-09-16,example.com,855
Anderson and Sons,Angola,1998-09-16,example.com,538
Peterson and Sons,Brunei Darussalam,2016-09-16,example.com,579
Clarkson and Sons,Cameroon,1985-09-16,example.com,393
Anthony Inc,Algeria,2010-09-16,msn.com,831
Major LLC,Maldives,1998-09-16,hotmail.com,661
White and Sons,Guinea,2000-09-16,msn.com,342
Grant Inc,Mali,2013-09-16,webmail.com,566
Clarkson and Sons,Brunei Darussalam,1995-09-16,hotmail.com,311
Robinson and Sons,Guatemala,1975-09-16,yahoo.com,878
Clarkson Inc,Germany,1983-09-16,gmail.com,491
Davies Inc,Cuba,1984-09-16,gmail.com,903
Washington LLC,St. Kitts and Nevis,2010-09-16,hotmail.com,843
Baker LLC,Sri Lanka,2001-09-16,webmail.com,283
Abel and Sons,Lebanon,1992-09-16,msn.com,157
Moore LLC,Malawi,2012-09-16,msn.com,880
Baker LLC,France,1988-09-16,msn.com,723
Smith Group,Singapore,1995-09-16,privacy.net,23
White and Sons,Guyana,2004-09-16,privacy.net,261
Moore Inc,Liberia,2002-09-16,privacy.net,182
Peters and Sons,Qatar,1987-09-16,hotmail.com,907
Major and Sons,Madagascar,2022-09-16,example.com,463
Lewis Group,Bolivia,2008-09-16,privacy.net,104
Anthony Inc,Antigua and Barbuda,1997-09-16,example.com,163
Thatcher Inc,Antigua and Barbuda,1988-09-16,hotmail.com,170
Abel Inc,Lithuania,1993-09-16,gmail.com,926
Kirby and Sons,Uruguay,2022-09-16,webmail.com,813
Davis Inc,Uzbekistan,1996-09-16,gmail.com,829
Thompson and Sons,Eritrea,2014-09-16,privacy.net,812
Oates Group,West Bank and Gaza,1985-09-16,hotmail.com,253
Kirby and Sons,Uganda,1981-09-16,webmail.com,111
White Inc,Colombia,1981-09-16,example.com,588
Brown LLC,Cuba,1983-09-16,yahoo.com,661
Peters LLC,Andorra,2000-09-16,msn.com,990
Harrison and Sons,Senegal,2008-09-16,webmail.com,495
Baker and Sons,Lithuania,2015-09-16,hotmail.com,593
Rodriguez Inc,Burkina Faso,1977-09-16,example.com,613
Wilson and Sons,Ecuador,2022-09-16,hotmail.com,941
Harrison LLC,Rwanda,2009-09-16,gmail.com,705
Andrews Inc,Denmark,1975-09-16,example.com,181
Thomas LLC,Malta,2023-09-16,example.com,916
Jefferson LLC,Russian Federation,1997-09-16,webmail.com,7
Kirk and Sons,Northern Mariana Islands,2014-09-16,webmail.com,455
Clarkson Group,Canada,2009-09-16,webmail.com,665
Abel Inc,El Salvador,2023-09-16,webmail.com,129
Major Inc,Virgin Islands (U.S.),1999-09-16,privacy.net,810
Smythe Group,Hungary,1996-09-16,webmail.com,220
Thomas and Sons,Marshall Islands,1990-09-16,yahoo.com,114
Grant Group,Grenada,2020-09-16,gmail.com,434
Dent and Sons,American Samoa,2022-09-16,yahoo.com,649
Anthony Group,Monaco,1983-09-16,gmail.com,738
Smythe Inc,Greece,2001-09-16,yahoo.com,866
Dent Inc,Jamaica,2009-09-16,gmail.com,966
Washington and Sons,Yemen, Rep.,2005-09-16,hotmail.com,378
Miller and Sons,Benin,2004-09-16,privacy.net,583
Wilson and Sons,Ukraine,1997-09-16,yahoo.com,747
Jefferson LLC,Macedonia, FYR,1981-09-16,example.com,26
Walker Inc,Switzerland,2000-09-16,webmail.com,816
Thomas and Sons,Estonia,1984-09-16,msn.com,66
Jackson Group,Mongolia,2009-09-16,gmail.com,429
Burrows Group,Dominican Republic,1989-09-16,hotmail.com,969
Williams LLC,Senegal,2000-09-16,gmail.com,728
Taylor Group,Bermuda,2006-09-16,hotmail.com,491
Clark LLC,Indonesia,1983-09-16,yahoo.com,482
Taylor and Sons,Korea, Rep.,2020-09-16,yahoo.com,390
Thatcher LLC,Uganda,1987-09-16,msn.com,654
Jefferson LLC,Marshall Islands,2009-09-16,webmail.com,238
Martinez LLC,United Kingdom,2014-09-16,hotmail.com,516
Davidson Inc,Bolivia,2013-09-16,example.com,589
Smythe Inc,United Arab Emirates,1996-09-16,gmail.com,84
Robertson Group,Kiribati,2012-09-16,msn.com,45
Edwards Group,Gabon,2022-09-16,msn.com,746
Martin Inc,Albania,2013-09-16,privacy.net,551
Moore and Sons,Puerto Rico,2013-09-16,example.com,355
Anthony Group,Micronesia, Fed. Sts.,1984-09-16,privacy.net,189
Harrison Inc,Madagascar,1995-09-16,yahoo.com,394
Walker LLC,Azerbaijan,2013-09-16,msn.com,956
Taylor LLC,Argentina,2019-09-16,privacy.net,652
Grant LLC,Libya,1978-09-16,yahoo.com,738
Harrison LLC,Andorra,1985-09-16,privacy.net,547
Jones and Sons,Lesotho,2002-09-16,hotmail.com,746
Stevens Group,Gambia, The,1976-09-16,msn.com,752
Harrison and Sons,Mozambique,1980-09-16,privacy.net,931
Williams Group,Mexico,2007-09-16,msn.com,722
Grant LLC,Russian Federation,1993-09-16,yahoo.com,63
Kirk and Sons,St. Vincent and the Grenadines,2006-09-16,msn.com,632
Smythe Inc,Paraguay,2009-09-16,privacy.net,51
Thompson LLC,Cyprus,1991-09-16,hotmail.com,896
Peterson Group,Syrian Arab Republic,2002-09-16,msn.com,269
White Group,Poland,1994-09-16,privacy.net,643
Clarkson Inc,Niger,2008-09-16,webmail.com,6
Dent and Sons,Lao PDR,1979-09-16,hotmail.com,902
Thomas Inc,Israel,2021-09-16,webmail.com,846
Clark Inc,Marshall Islands,1995-09-16,hotmail.com,84
Davis Inc,Peru,1992-09-16,msn.com,274
Martin Group,Barbados,2011-09-16,webmail.com,56
Davies and Sons,Eritrea,1995-09-16,yahoo.com,268
Major Group,Slovak Republic,2018-09-16,webmail.com,251
Anderson LLC,Bermuda,2020-09-16,hotmail.com,950
Rodriguez Group,Swaziland,1999-09-16,hotmail.com,635
Burrows Inc,Jamaica,2009-09-16,privacy.net,720
Burrows Inc,Slovenia,1993-09-16,webmail.com,677
Clark LLC,United Kingdom,1995-09-16,msn.com,526
Robinson LLC,Rwanda,2019-09-16,yahoo.com,983
Dent Group,Germany,1998-09-16,msn.com,27
Washington LLC,Somalia,1997-09-16,example.com,32
Edwards Group,Somalia,1986-09-16,msn.com,277
Robertson LLC,Maldives,2005-09-16,webmail.com,516
Clark and Sons,Bolivia,2017-09-16,hotmail.com,270
Thatcher Inc,Argentina,1994-09-16,hotmail.com,896
Kirby Group,Turkmenistan,2008-09-16,gmail.com,336
Clarkson LLC,Tonga,1997-09-16,msn.com,615
Lee and Sons,Dominica,2006-09-16,example.com,90
Moore LLC,Peru,2002-09-16,hotmail.com,701
Major Inc,Serbia,2014-09-16,privacy.net,780
Jones LLC,Côte d'Ivoire,1978-09-16,webmail.com,137
Clarkson LLC,Greece,2008-09-16,privacy.net,233
Lee Inc,Finland,1985-09-16,yahoo.com,63
Taylor Inc,Azerbaijan,2002-09-16,gmail.com,818
Miller Inc,Central African Republic,2019-09-16,yahoo.com,50
Stevens LLC,Bolivia,2000-09-16,msn.com,647
Peters LLC,Nepal,2020-09-16,example.com,814
Lee and Sons,Monaco,1987-09-16,webmail.com,277
Peterson Group,Chile,1975-09-16,example.com,570
Wilson and Sons,Burkina Faso,1977-09-16,gmail.com,227
Kirk Inc,Mexico,1988-09-16,example.com,779
Thatcher Group,Indonesia,2015-09-16,example.com,171
Davidson Group,Korea, Dem. Rep.,2000-09-16,webmail.com,362
Davis and Sons,Norway,1993-09-16,hotmail.com,555
Thompson and Sons,Egypt, Arab Rep.,1984-09-16,hotmail.com,64
Martin and Sons,Tonga,2012-09-16,gmail.com,377
Miller LLC,Rwanda,1985-09-16,msn.com,800
Wilson and Sons,Singapore,2002-09-16,msn.com,870
Lee Group,Albania,2016-09-16,example.com,421
Harrison Group,Cayman Islands,1999-09-16,msn.com,541
Thatcher and Sons,Netherlands,1987-09-16,hotmail.com,232
Johnson LLC,Andorra,2003-09-16,hotmail.com,453
Yorke Group,Comoros,1996-09-16,gmail.com,495
Andrews Inc,Brazil,1975-09-16,webmail.com,448
Williams and Sons,Aruba,1976-09-16,privacy.net,565
Harrison LLC,Trinidad and Tobago,2009-09-16,webmail.com,668
Johnson Inc,Central African Republic,2001-09-16,msn.com,648
Miller Inc,West Bank and Gaza,2004-09-16,msn.com,232
Abel and Sons,Serbia,1979-09-16,example.com,817
Walker Inc,Isle of Man,2001-09-16,privacy.net,91
Robinson Inc,Malta,2002-09-16,gmail.com,66
Anderson and Sons,Andorra,1991-09-16,webmail.com,170
Stevens and Sons,Madagascar,2004-09-16,hotmail.com,587
Taylor Group,Liechtenstein,2003-09-16,privacy.net,219
Martin Inc,Guam,1976-09-16,msn.com,983
Dent and Sons,Nepal,2015-09-16,example.com,511
Clarke and Sons,New Caledonia,2004-09-16,example.com,471
Kirby LLC,Yemen, Rep.,1993-09-16,gmail.com,632
Brown Group,Syrian Arab Republic,2017-09-16,example.com,28
Davidson and Sons,Guinea,1985-09-16,example.com,61
Peters Group,Niger,1977-09-16,hotmail.com,340
Grant Inc,Brazil,2009-09-16,msn.com,243
Yorke Inc,Korea, Dem. Rep.,2011-09-16,webmail.com,648
Robinson and Sons,Netherlands Antilles,1983-09-16,webmail.com,977
Dent Inc,Austria,2014-09-16,webmail.com,950
Major and Sons,Papua New Guinea,2013-09-16,msn.com,171
Jones Group,Bhutan,1984-09-16,privacy.net,618
Peterson and Sons,Nepal,1977-09-16,example.com,745
Clark LLC,Mali,1982-09-16,hotmail.com,348
Moore and Sons,Brunei Darussalam,2016-09-16,hotmail.com,741
Baker LLC,Turkmenistan,1985-09-16,yahoo.com,25
Andrews Group,Dominican Republic,2007-09-16,example.com,903
Kirk Group,Iraq,1982-09-16,example.com,169
Brown LLC,Azerbaijan,2000-09-16,hotmail.com,856
Yorke and Sons,Virgin Islands (U.S.),1993-09-16,example.com,939
Andrews LLC,Guyana,1987-09-16,example.com,35
Andrews Inc,Bosnia and Herzegovina,2010-09-16,gmail.com,599
Clarkson Group,Somalia,2014-09-16,msn.com,10
Martin LLC,Burkina Faso,2008-09-16,example.com,584
Wilson and Sons,Pakistan,2015-09-16,yahoo.com,631
Walker and Sons,Monaco,2023-09-16,gmail.com,767
Rodriguez LLC,Mexico,1998-09-16,msn.com,258
Harrison LLC,Gambia, The,1996-09-16,privacy.net,516
Smith Inc,Barbados,2003-09-16,privacy.net,119
Jones Group,Algeria,1993-09-16,msn.com,85
Lake Group,Mozambique,2005-09-16,msn.com,145
Baker and Sons,Benin,2018-09-16,webmail.com,481
Baker Group,Mauritius,2016-09-16,example.com,160
Lewis Inc,Antigua and Barbuda,2004-09-16,privacy.net,270
Thompson LLC,Venezuela, RB,1992-09-16,privacy.net,733
Rodriguez Group,Dominican Republic,1984-09-16,msn.com,368
Harrison Group,Bahamas, The,1999-09-16,yahoo.com,715
Anthony Group,Malaysia,2008-09-16,yahoo.com,760
Williams and Sons,Libya,1977-09-16,yahoo.com,654
Kirk Group,Chile,1995-09-16,msn.com,209
Smythe LLC,Guinea-Bissau,1999-09-16,hotmail.com,726
Jackson Group,Morocco,2015-09-16,example.com,791
Robinson Group,Madagascar,2017-09-16,privacy.net,880
Peters and Sons,Niger,2016-09-16,yahoo.com,448
Garcia and Sons,Kuwait,2017-09-16,hotmail.com,609
Taylor LLC,South Africa,1982-09-16,msn.com,662
Andrews LLC,Vanuatu,1983-09-16,msn.com,225
Grant LLC,Swaziland,2022-09-16,example.com,685
Williams Inc,Algeria,1977-09-16,hotmail.com,774
Taylor Inc,Lesotho,2006-09-16,example.com,486
Clark Inc,Bahrain,1984-09-16,example.com,355
Jackson Group,Barbados,1995-09-16,gmail.com,284
Davis Inc,Vanuatu,1997-09-16,privacy.net,724
Abel LLC,Chad,2001-09-16,yahoo.com,301
Walker LLC,Aruba,2002-09-16,example.com,982
Major Group,Vanuatu,1989-09-16,hotmail.com,831
Lewis and Sons,Slovak Republic,1980-09-16,webmail.com,738
Stevens Inc,Hong Kong, China,1989-09-16,gmail.com,215
Brown Group,Panama,2005-09-16,hotmail.com,550
Moore and Sons,Egypt, Arab Rep.,2009-09-16,hotmail.com,350
Harrison Group,Swaziland,1980-09-16,gmail.com,404
Kirk LLC,Uzbekistan,1986-09-16,example.com,876
Jones Inc,Northern Mariana Islands,2006-09-16,yahoo.com,46
Grant LLC,Northern Mariana Islands,1985-09-16,hotmail.com,553
Yorke Inc,Ukraine,2006-09-16,privacy.net,492
Major Group,India,2019-09-16,yahoo.com,164
Davidson LLC,Ukraine,2009-09-16,webmail.com,470
Brown Group,Netherlands Antilles,2010-09-16,msn.com,622
Oates Inc,Dominican Republic,2011-09-16,gmail.com,98
Miller Inc,Libya,2011-09-16,webmail.com,62
Kirk Group,Sweden,1987-09-16,hotmail.com,349
Jackson Inc,Bosnia and Herzegovina,1991-09-16,hotmail.com,304
Kirk Inc,Swaziland,2019-09-16,webmail.com,882
Stevens Inc,Macedonia, FYR,1997-09-16,yahoo.com,892
Davidson Group,Seychelles,1997-09-16,webmail.com,386
Peters Inc,New Caledonia,1992-09-16,gmail.com,464
Oates LLC,St. Vincent and the Grenadines,2022-09-16,privacy.net,966
Anderson LLC,Algeria,2022-09-16,yahoo.com,368
Rodriguez and Sons,Guinea,1999-09-16,example.com,931
Hall LLC,Mayotte,1975-09-16,msn.com,324
Abel Group,Malta,1987-09-16,yahoo.com,107
Brown and Sons,Singapore,1980-09-16,example.com,324
Robinson LLC,Ghana,1993-09-16,yahoo.com,891
Rodriguez Inc,Oman,2005-09-16,privacy.net,77
Andrews Inc,Togo,1983-09-16,privacy.net,154
Oates Inc,Luxembourg,2014-09-16,msn.com,64
Yorke Group,Egypt, Arab Rep.,2005-09-16,privacy.net,867
Andrews Inc,Pakistan,1984-09-16,hotmail.com,707
Lewis LLC,Cape Verde,2014-09-16,gmail.com,678
Davis and Sons,Ghana,1994-09-16,privacy.net,625
Oates LLC,Cameroon,1996-09-16,hotmail.com,312
Kirby Inc,St. Kitts and Nevis,1999-09-16,gmail.com,151
Baker and Sons,Mauritius,2006-09-16,privacy.net,435
Davidson Inc,Lebanon,1990-09-16,hotmail.com,350
Miller and Sons,Slovenia,1985-09-16,webmail.com,899
Smythe Inc,Turkey,1999-09-16,hotmail.com,658
Edwards Group,Puerto Rico,2008-09-16,msn.com,703
Johnson Inc,Turkey,1984-09-16,privacy.net,703
Davies LLC,Vietnam,2020-09-16,example.com,332
Miller Inc,Malawi,2016-09-16,yahoo.com,832
Robinson and Sons,Croatia,1979-09-16,yahoo.com,221
Hall and Sons,Congo, Dem. Rep.,1980-09-16,msn.com,832
Hall and Sons,Guinea,2000-09-16,msn.com,887
Anthony and Sons,Northern Mariana Islands,1996-09-16,yahoo.com,184
Thatcher Group,Turkey,1980-09-16,privacy.net,623
Grant LLC,Cuba,2017-09-16,privacy.net,107
Jackson LLC,Uganda,2020-09-16,gmail.com,570
Abel Inc,Spain,1990-09-16,msn.com,705
Baker LLC,Cape Verde,1996-09-16,yahoo.com,281
Baker and Sons,Togo,2007-09-16,gmail.com,461
Clarkson LLC,Uzbekistan,1998-09-16,msn.com,28
Wilson Inc,Congo, Dem. Rep.,2015-09-16,privacy.net,900
Clark LLC,Ireland,2010-09-16,msn.com,888
Abel LLC,Turkey,1998-09-16,example.com,949
Smythe Inc,Aruba,2012-09-16,webmail.com,787
Clarke Inc,Honduras,2002-09-16,yahoo.com,71
Jones LLC,Samoa,1992-09-16,hotmail.com,391
Rodriguez Group,Bermuda,2022-09-16,yahoo.com,593
Smith and Sons,Guinea,2011-09-16,hotmail.com,69
Harris Inc,Guatemala,1975-09-16,gmail.com,164
Robinson Group,Denmark,2001-09-16,webmail.com,881
Miller and Sons,French Polynesia,2016-09-16,gmail.com,96
Jefferson and Sons,Northern Mariana Islands,2005-09-16,webmail.com,147
Burrows Group,Madagascar,2007-09-16,gmail.com,359
Hall Inc,Afghanistan,2004-09-16,webmail.com,912
Kirby and Sons,Marshall Islands,2010-09-16,example.com,739
Clarke and Sons,Haiti,1988-09-16,hotmail.com,453
Lewis Inc,Netherlands,2001-09-16,hotmail.com,363
Williams Group,Peru,1999-09-16,msn.com,433
Brown LLC,Afghanistan,2013-09-16,yahoo.com,186
Andrews Group,Iceland,1986-09-16,hotmail.com,499
Miller Group,Belgium,2011-09-16,webmail.com,697
Lee Inc,Bahrain,1977-09-16,yahoo.com,608
Grant Group,Puerto Rico,1977-09-16,gmail.com,829
Washington Inc,Barbados,1987-09-16,example.com,189
Kirby and Sons,Denmark,2012-09-16,privacy.net,154
Brown Inc,Oman,2022-09-16,hotmail.com,789
Jeffries Group,Jamaica,1992-09-16,msn.com,442
Burrows LLC,Korea, Dem. Rep.,1975-09-16,msn.com,184
Garcia Inc,French Polynesia,1984-09-16,webmail.com,205
Abel and Sons,Gambia, The,1986-09-16,privacy.net,754
Jeffries and Sons,Lesotho,1981-09-16,webmail.com,858
Jeffries Inc,Sierra Leone,2020-09-16,hotmail.com,521
Martin Group,United Kingdom,1975-09-16,webmail.com,137
Rodriguez LLC,Equatorial Guinea,2004-09-16,gmail.com,420
Andrews LLC,Rwanda,1984-09-16,gmail.com,197
Washington Group,Nicaragua,1998-09-16,webmail.com,19
Grant Group,Channel Islands,1984-09-16,msn.com,989
White Group,Iraq,1993-09-16,hotmail.com,593
White Group,Slovak Republic,1990-09-16,webmail.com,108
Hall LLC,Guatemala,1988-09-16,privacy.net,89
Lewis and Sons,Vietnam,2011-09-16,yahoo.com,951
Thomas Inc,Antigua and Barbuda,1979-09-16,hotmail.com,959
Robertson Inc,Isle of Man,2000-09-16,yahoo.com,910
Kirby LLC,Nepal,2008-09-16,webmail.com,653
Moore Group,Netherlands Antilles,2023-09-16,hotmail.com,969
Thompson Inc,Georgia,2014-09-16,hotmail.com,921
Moore Inc,Madagascar,1980-09-16,example.com,716
Kirby Group,Cuba,2001-09-16,example.com,116
Burrows and Sons,Trinidad and Tobago,2016-09-16,gmail.com,148
Martin Group,Honduras,2000-09-16,gmail.com,89
Lake LLC,Moldova,2006-09-16,example.com,622
Jeffries Group,Algeria,2001-09-16,privacy.net,346
Lee LLC,Cambodia,1984-09-16,privacy.net,604
Davidson LLC,Oman,1975-09-16,example.com,626
Moore LLC,Qatar,1989-09-16,hotmail.com,4
Jeffries Group,Netherlands Antilles,1993-09-16,privacy.net,794
Stevens and Sons,New Caledonia,1995-09-16,gmail.com,825
Grant and Sons,Chile,2018-09-16,yahoo.com,889
Robertson and Sons,Denmark,2017-09-16,webmail.com,985
Hall and Sons,Thailand,2020-09-16,yahoo.com,147
Dent Inc,Norway,2006-09-16,webmail.com,746
Martin Inc,Tonga,1987-09-16,yahoo.com,469
Jeffries Inc,Rwanda,2018-09-16,gmail.com,913
Martin LLC,Micronesia, Fed. Sts.,1994-09-16,yahoo.com,592
Moore Group,Tajikistan,1990-09-16,yahoo.com,929
Clarkson LLC,Papua New Guinea,1998-09-16,hotmail.com,41
Walker Inc,Yemen, Rep.,1993-09-16,hotmail.com,215
Thatcher Group,Poland,1997-09-16,yahoo.com,353
Jones and Sons,Faeroe Islands,2021-09-16,gmail.com,204
Clarke LLC,Panama,1998-09-16,hotmail.com,23
Lewis and Sons,Djibouti,2010-09-16,webmail.com,355
Lee Inc,Australia,1996-09-16,privacy.net,520
Dent Inc,Solomon Islands,2016-09-16,yahoo.com,754
Anthony and Sons,Burkina Faso,1999-09-16,privacy.net,289
Smith and Sons,Angola,2006-09-16,webmail.com,380
Stevens Group,Lao PDR,2013-09-16,example.com,982
Stevens Inc,Singapore,2010-09-16,msn.com,907
Washington Inc,Guinea-Bissau,1993-09-16,privacy.net,627
Davidson Group,Isle of Man,1994-09-16,yahoo.com,556
Anthony and Sons,Lithuania,2009-09-16,yahoo.com,471
Taylor LLC,French Polynesia,1990-09-16,gmail.com,393
Peters Group,Poland,1985-09-16,privacy.net,721
Walker Group,Korea, Rep.,1998-09-16,hotmail.com,499
Robertson LLC,Cayman Islands,1978-09-16,hotmail.com,170
Williams Inc,Bahamas, The,2022-09-16,webmail.com,698
Johnson Inc,Austria,2010-09-16,hotmail.com,222
Rodriguez and Sons,Greece,1997-09-16,example.com,157
Kirk LLC,Zambia,1987-09-16,privacy.net,504
Jackson LLC,South Africa,1992-09-16,example.com,681
Smith Inc,Tonga,1981-09-16,hotmail.com,32
Clarkson LLC,Isle of Man,2012-09-16,hotmail.com,11
Robinson Inc,United Kingdom,2002-09-16,example.com,293
Kirby LLC,Trinidad and Tobago,1997-09-16,msn.com,773
Edwards Inc,India,1981-09-16,yahoo.com,114
Martinez Inc,Comoros,1991-09-16,yahoo.com,269
Smythe Inc,Lao PDR,1997-09-16,example.com,299
Smith Group,Algeria,2004-09-16,gmail.com,540
Smythe and Sons,Belarus,1983-09-16,example.com,731
Grant and Sons,Argentina,2002-09-16,msn.com,134
Burrows and Sons,Nigeria,1985-09-16,privacy.net,935
Stevens Inc,Suriname,1983-09-16,privacy.net,389
Miller LLC,Seychelles,1994-09-16,example.com,65
Walker Group,Cambodia,1978-09-16,msn.com,572
Baker Inc,Tanzania,1989-09-16,example.com,723
Stevens and Sons,French Polynesia,1980-09-16,example.com,486
Robinson LLC,Canada,1998-09-16,yahoo.com,665
Lake and Sons,Iran, Islamic Rep.,2015-09-16,msn.com,280
Burrows Group,Pakistan,1984-09-16,example.com,819
Clarkson Inc,Macao, China,1979-09-16,webmail.com,741
Edwards and Sons,Cuba,1991-09-16,hotmail.com,868
Martin Group,Indonesia,1987-09-16,gmail.com,897
Thompson and Sons,Ethiopia,2012-09-16,gmail.com,518
Washington LLC,Guinea-Bissau,2017-09-16,privacy.net,320
Martinez and Sons,Israel,2004-09-16,gmail.com,159
Jones LLC,Pakistan,2002-09-16,privacy.net,815
Garcia Group,Uganda,2017-09-16,hotmail.com,127
Kirby Inc,St. Lucia,1999-09-16,yahoo.com,65
Washington Group,Argentina,1979-09-16,msn.com,840
Lake Inc,Suriname,1992-09-16,webmail.com,278
Smith LLC,Micronesia, Fed. Sts.,1989-09-16,yahoo.com,659
Smythe LLC,Trinidad and Tobago,2018-09-16,hotmail.com,438
Peterson Group,Thailand,2012-09-16,webmail.com,459
White LLC,Belgium,2009-09-16,privacy.net,191
Hall Group,Belize,2016-09-16,gmail.com,904
Clark LLC,San Marino,2009-09-16,yahoo.com,289
Baker and Sons,Czech Republic,2003-09-16,gmail.com,989
Smith and Sons,Libya,2017-09-16,msn.com,569
Baker Inc,Syrian Arab Republic,1997-09-16,msn.com,201
Harrison LLC,Lithuania,2017-09-16,gmail.com,709
Davis Inc,Philippines,1975-09-16,webmail.com,326
Miller and Sons,Dominican Republic,2002-09-16,webmail.com,933
Martinez Inc,Cambodia,1989-09-16,msn.com,853
Walker and Sons,St. Lucia,1998-09-16,hotmail.com,472
Lewis Inc,Malaysia,1984-09-16,msn.com,933
Wilson LLC,São Tomé and Principe,2018-09-16,webmail.com,105
Rodriguez LLC,Libya,1977-09-16,privacy.net,280
Stevens and Sons,Tajikistan,1978-09-16,hotmail.com,664
Smythe Inc,Ukraine,1979-09-16,yahoo.com,361
Miller and Sons,Mayotte,2012-09-16,hotmail.com,534
Rodriguez and Sons,Marshall Islands,2003-09-16,webmail.com,471
Davis Inc,Maldives,2014-09-16,webmail.com,495
Peterson LLC,Eritrea,2015-09-16,webmail.com,142
Taylor Inc,Guam,1992-09-16,example.com,502
Dent Inc,Malawi,1996-09-16,privacy.net,576
Johnson and Sons,Brunei Darussalam,1993-09-16,hotmail.com,484
Anderson LLC,Portugal,2016-09-16,gmail.com,892
Smith Inc,Uzbekistan,2005-09-16,gmail.com,988
Major and Sons,Slovenia,2016-09-16,example.com,160
Williams Group,Kuwait,2006-09-16,gmail.com,618
Thatcher Group,Malawi,1976-09-16,example.com,709
Thomas LLC,Northern Mariana Islands,2005-09-16,yahoo.com,359
Harris Inc,Honduras,1998-09-16,privacy.net,874
Jefferson Group,Dominican Republic,1992-09-16,example.com,361
Wilson and Sons,Tonga,2000-09-16,privacy.net,452
Baker and Sons,Seychelles,2010-09-16,msn.com,955
Lake Group,Malaysia,1981-09-16,yahoo.com,176
Smythe LLC,Maldives,1992-09-16,yahoo.com,760
Clarkson LLC,Azerbaijan,1992-09-16,hotmail.com,474
Brown LLC,Faeroe Islands,2003-09-16,msn.com,896
Clarkson LLC,Mayotte,2019-09-16,yahoo.com,35
Lake Inc,Iceland,2014-09-16,gmail.com,563
Hall and Sons,Norway,1990-09-16,webmail.com,856
Miller Group,Guyana,2017-09-16,yahoo.com,816
Jackson Inc,Syrian Arab Republic,1992-09-16,gmail.com,925
Robertson LLC,United Arab Emirates,2010-09-16,msn.com,133
Moore LLC,Cyprus,1980-09-16,privacy.net,877
Anderson LLC,Iraq,2020-09-16,example.com,278
Lee LLC,Ethiopia,2015-09-16,msn.com,231
Clarkson Inc,Sri Lanka,2019-09-16,yahoo.com,127
Robertson LLC,United States,2022-09-16,webmail.com,465
Jeffries LLC,Australia,1986-09-16,gmail.com,5
Smythe Group,Tajikistan,1980-09-16,webmail.com,70
Hall and Sons,Kenya,1999-09-16,gmail.com,45
Thatcher LLC,Czech Republic,2015-09-16,hotmail.com,517
Brown LLC,Hungary,2015-09-16,gmail.com,575
Kirby Inc,Honduras,1984-09-16,example.com,429
Yorke and Sons,Luxembourg,1998-09-16,yahoo.com,304
Harrison Group,Korea, Dem. Rep.,2014-09-16,hotmail.com,312
Edwards Group,Panama,2022-09-16,hotmail.com,882
Lewis LLC,Vietnam,1994-09-16,gmail.com,566
Edwards Inc,Tajikistan,2010-09-16,example.com,770
Davis LLC,Costa Rica,2002-09-16,privacy.net,556
Jackson Inc,Egypt, Arab Rep.,1989-09-16,privacy.net,614
Yorke Inc,Zimbabwe,1999-09-16,hotmail.com,469
Major Inc,Hong Kong, China,2006-09-16,hotmail.com,164
Williams and Sons,Cyprus,2011-09-16,hotmail.com,424
Washington LLC,Sweden,2006-09-16,webmail.com,675
Grant and Sons,Paraguay,1984-09-16,privacy.net,87
Walker Group,St. Kitts and Nevis,2015-09-16,msn.com,186
Davidson and Sons,Micronesia, Fed. Sts.,2007-09-16,hotmail.com,99
Miller Inc,Benin,1975-09-16,webmail.com,90
Oates LLC,Mongolia,1978-09-16,webmail.com,996
Washington LLC,Samoa,1980-09-16,example.com,252
Martin Inc,Suriname,2011-09-16,webmail.com,4
Major LLC,Argentina,2023-09-16,msn.com,149
Abel and Sons,Malawi,2000-09-16,msn.com,269
Edwards Group,Kyrgyz Republic,1985-09-16,msn.com,573
Brown Group,Rwanda,1980-09-16,yahoo.com,87
Harrison Group,Mozambique,2016-09-16,example.com,396
Davidson LLC,Madagascar,1994-09-16,hotmail.com,738
Stevens Group,Mauritania,2005-09-16,hotmail.com,314
Clark LLC,Italy,2015-09-16,webmail.com,774
Jones LLC,China,2005-09-16,gmail.com,171
Brown and Sons,Haiti,1992-09-16,privacy.net,850
Anthony and Sons,Morocco,2000-09-16,yahoo.com,187
Wilson Group,Morocco,2014-09-16,privacy.net,107
Robertson Group,Malawi,1988-09-16,webmail.com,819
Jeffries LLC,Virgin Islands (U.S.),2004-09-16,yahoo.com,405
Smythe and Sons,Vietnam,1992-09-16,msn.com,49
Rodriguez Group,India,1997-09-16,gmail.com,678
Brown and Sons,Lao PDR,1990-09-16,webmail.com,950
Stevens LLC,Trinidad and Tobago,2003-09-16,webmail.com,527
Kirk Group,Uruguay,2010-09-16,hotmail.com,481
Robinson and Sons,Senegal,1987-09-16,hotmail.com,586
Anderson and Sons,Solomon Islands,2014-09-16,yahoo.com,864
Harris Group,Uganda,1994-09-16,example.com,187
Moore Group,Bolivia,1977-09-16,hotmail.com,524
Peterson Group,Nicaragua,1981-09-16,webmail.com,656
Thompson and Sons,Philippines,2005-09-16,gmail.com,787
Martinez LLC,Congo, Rep.,1983-09-16,hotmail.com,600
White Inc,Sierra Leone,2023-09-16,hotmail.com,360
Abel Group,Ethiopia,1978-09-16,yahoo.com,140
Anderson Inc,Turkey,1994-09-16,example.com,271
Clarke Inc,Ethiopia,2013-09-16,hotmail.com,285
Brown Inc,Uruguay,2000-09-16,gmail.com,313
Clarkson and Sons,Pakistan,1990-09-16,hotmail.com,130
Peters Group,Venezuela, RB,2011-09-16,example.com,261
Williams Group,Andorra,2018-09-16,hotmail.com,842
Rodriguez Group,Mozambique,1982-09-16,gmail.com,808
Dent and Sons,Korea, Rep.,1988-09-16,hotmail.com,879
Lee Inc,Côte d'Ivoire,1999-09-16,webmail.com,799
Harrison LLC,Angola,2007-09-16,hotmail.com,620
Kirby and Sons,Lesotho,1985-09-16,msn.com,884
Grant Group,Eritrea,1977-09-16,yahoo.com,801
Walker Inc,Fiji,2022-09-16,webmail.com,543
Smith LLC,Switzerland,2021-09-16,privacy.net,601
Peters Inc,Philippines,1992-09-16,privacy.net,52
Dent Inc,Sweden,2019-09-16,privacy.net,400
Davidson LLC,Denmark,1982-09-16,privacy.net,794
Abel Inc,Mayotte,1991-09-16,msn.com,53
Clark Inc,Brazil,2003-09-16,hotmail.com,860
Robertson LLC,Eritrea,2010-09-16,example.com,440
Oates Group,Grenada,2017-09-16,privacy.net,505
Kirby LLC,Malawi,2020-09-16,privacy.net,918
Smith LLC,Senegal,2013-09-16,msn.com,313
Harris and Sons,St. Lucia,1984-09-16,webmail.com,603
Harris Inc,Botswana,1991-09-16,msn.com,749
Johnson Group,Puerto Rico,2004-09-16,privacy.net,587
Kirby LLC,Panama,1979-09-16,gmail.com,850
Johnson Inc,Georgia,1975-09-16,gmail.com,679
Andrews and Sons,Kiribati,2022-09-16,hotmail.com,781
Clarke Group,Mali,2007-09-16,gmail.com,324
Clarkson LLC,Switzerland,2019-09-16,example.com,441
Lee Inc,Netherlands,2016-09-16,gmail.com,133
Anderson Inc,Swaziland,1982-09-16,privacy.net,728
Rodriguez Group,Virgin Islands (U.S.),1981-09-16,gmail.com,970
Moore Inc,Greenland,1975-09-16,example.com,273
Yorke LLC,South Africa,1984-09-16,yahoo.com,883
Lake Group,Venezuela, RB,2007-09-16,hotmail.com,401
Washington and Sons,Singapore,2019-09-16,hotmail.com,925
Garcia Group,Northern Mariana Islands,2014-09-16,hotmail.com,83
Jackson Inc,West Bank and Gaza,2021-09-16,yahoo.com,608
Rodriguez Inc,Bhutan,2003-09-16,gmail.com,861
Peters Group,Cape Verde,1975-09-16,privacy.net,119
Stevens LLC,Fiji,1998-09-16,msn.com,906
Oates LLC,United Kingdom,2016-09-16,yahoo.com,561
Harrison and Sons,Seychelles,1991-09-16,webmail.com,903
Jeffries LLC,Papua New Guinea,2022-09-16,gmail.com,527
Brown Group,Guam,1982-09-16,webmail.com,742
Kirby LLC,Virgin Islands (U.S.),2016-09-16,privacy.net,173
Edwards Inc,Northern Mariana Islands,1998-09-16,yahoo.com,492
Hall LLC,Latvia,1995-09-16,msn.com,88
Miller LLC,Brunei Darussalam,1993-09-16,gmail.com,173
Smythe and Sons,Niger,1977-09-16,msn.com,900
Lewis Inc,Greece,2013-09-16,example.com,719
Burrows Inc,Syrian Arab Republic,2004-09-16,gmail.com,590
Edwards and Sons,Portugal,1990-09-16,example.com,299
Garcia LLC,Comoros,2010-09-16,webmail.com,567
Moore and Sons,Sudan,2008-09-16,webmail.com,116
Martin LLC,French Polynesia,2016-09-16,hotmail.com,379
Davis and Sons,Haiti,1990-09-16,privacy.net,543
Johnson and Sons,Azerbaijan,1981-09-16,yahoo.com,620
Smythe Inc,Macao, China,2008-09-16,privacy.net,629
Martinez LLC,Dominican Republic,1984-09-16,yahoo.com,287
Yorke Group,Thailand,1988-09-16,webmail.com,106
Washington and Sons,Tanzania,1995-09-16,msn.com,38
Taylor Inc,South Africa,1980-09-16,example.com,469
Garcia Inc,United Arab Emirates,1986-09-16,example.com,914
Dent LLC,Qatar,2017-09-16,example.com,700
Yorke Group,Chile,2012-09-16,msn.com,606
Clarke Group,Eritrea,2019-09-16,gmail.com,445
Yorke Inc,Guinea,1993-09-16,yahoo.com,403
Anthony Group,St. Kitts and Nevis,1986-09-16,webmail.com,499
Miller Inc,Lao PDR,2000-09-16,hotmail.com,12
Moore LLC,St. Vincent and the Grenadines,1990-09-16,privacy.net,178
Smythe Inc,Northern Mariana Islands,2000-09-16,webmail.com,509
Baker Inc,Rwanda,1992-09-16,msn.com,929
Johnson and Sons,Sierra Leone,1993-09-16,yahoo.com,38
Yorke Inc,Iraq,2010-09-16,privacy.net,207
Rodriguez Inc,Eritrea,1980-09-16,example.com,489
Garcia Inc,Vietnam,1992-09-16,gmail.com,96
Garcia and Sons,Jamaica,1986-09-16,gmail.com,917
Lake LLC,Nepal,1976-09-16,gmail.com,513
Oates Group,Bolivia,2012-09-16,example.com,763
Oates Inc,West Bank and Gaza,2012-09-16,hotmail.com,355
Oates and Sons,Jamaica,1996-09-16,yahoo.com,513
Grant and Sons,Mayotte,2012-09-16,msn.com,751
